assistant: [TextContentBlock(text=Text(annotations=[], value='こんにちは！八王子を訪れてくださりありがとうございます。まずは少しあなたのことを教えていただけますか？\n\n最初の質問です、年齢を教えていただけますか？'), type='text')]
user: [TextContentBlock(text=Text(annotations=[], value='八王子駅にいます'), type='text')]
assistant: [TextContentBlock(text=Text(annotations=[], value='ありがとうございます！次に、旅行の経験や頻度について教えていただけますか？例えば、旅行にはよく行かれる方ですか？'), type='text')]
user: [TextContentBlock(text=Text(annotations=[], value='22歳です'), type='text')]
assistant: [TextContentBlock(text=Text(annotations=[], value='こんにちは！八王子を訪れてくださりありがとうございます。まずは少しあなたのことを教えていただけますか？\n\n最初の質問です、年齢を教えていただけますか？'), type='text')]
user: [TextContentBlock(text=Text(annotations=[], value='八王子駅にいます'), type='text')]
assistant: [TextContentBlock(text=Text(annotations=[], value='ありがとうございます！次に、今回の旅行の予算について教えていただけますか？例えば、一日あたりどのくらいの金額を考えていらっしゃいますか？'), type='text')]
user: [TextContentBlock(text=Text(annotations=[], value='あまり行かないです'), type='text')]
assistant: [TextContentBlock(text=Text(annotations=[], value='ありがとうございます！次に、旅行の経験や頻度について教えていただけますか？例えば、旅行にはよく行かれる方ですか？'), type='text')]
user: [TextContentBlock(text=Text(annotations=[], value='22歳です'), type='text')]
assistant: [TextContentBlock(text=Text(annotations=[], value='こんにちは！八王子を訪れてくださりありがとうございます。まずは少しあなたのことを教えていただけますか？\n\n最初の質問です、年齢を教えていただけますか？'), type='text')]
user: [TextContentBlock(text=Text(annotations=[], value='八王子駅にいます'), type='text')]
assistant: [TextContentBlock(text=Text(annotations=[], value='なるほど、2000円の予算ですね。次に、移動手段について教えてください。徒歩、自転車、公共交通機関（バスや電車）など、どの移動手段を使われますか？'), type='text')]
user: [TextContentBlock(text=Text(annotations=[], value='2000円くらいです'), type='text')]
assistant: [TextContentBlock(text=Text(annotations=[], value='ありがとうございます！次に、今回の旅行の予算について教えていただけますか？例えば、一日あたりどのくらいの金額を考えていらっしゃいますか？'), type='text')]
user: [TextContentBlock(text=Text(annotations=[], value='あまり行かないです'), type='text')]
assistant: [TextContentBlock(text=Text(annotations=[], value='ありがとうございます！次に、旅行の経験や頻度について教えていただけますか？例えば、旅行にはよく行かれる方ですか？'), type='text')]
user: [TextContentBlock(text=Text(annotations=[], value='22歳です'), type='text')]
assistant: [TextContentBlock(text=Text(annotations=[], value='こんにちは！八王子を訪れてくださりありがとうございます。まずは少しあなたのことを教えていただけますか？\n\n最初の質問です、年齢を教えていただけますか？'), type='text')]
user: [TextContentBlock(text=Text(annotations=[], value='八王子駅にいます'), type='text')]
assistant: [TextContentBlock(text=Text(annotations=[], value='ありがとうございます。これで必要な情報が揃いました。では、八王子駅付近で徒歩で行けるおすすめの観光地を紹介します。\n\nお好みの観光地のタイプ（自然スポット、文化・歴史スポット、食事場所など）があれば教えていただけると助かります。'), type='text')]
user: [TextContentBlock(text=Text(annotations=[], value='徒歩です'), type='text')]
assistant: [TextContentBlock(text=Text(annotations=[], value='なるほど、2000円の予算ですね。次に、移動手段について教えてください。徒歩、自転車、公共交通機関（バスや電車）など、どの移動手段を使われますか？'), type='text')]
user: [TextContentBlock(text=Text(annotations=[], value='2000円くらいです'), type='text')]
assistant: [TextContentBlock(text=Text(annotations=[], value='ありがとうございます！次に、今回の旅行の予算について教えていただけますか？例えば、一日あたりどのくらいの金額を考えていらっしゃいますか？'), type='text')]
user: [TextContentBlock(text=Text(annotations=[], value='あまり行かないです'), type='text')]
assistant: [TextContentBlock(text=Text(annotations=[], value='ありがとうございます！次に、旅行の経験や頻度について教えていただけますか？例えば、旅行にはよく行かれる方ですか？'), type='text')]
user: [TextContentBlock(text=Text(annotations=[], value='22歳です'), type='text')]
assistant: [TextContentBlock(text=Text(annotations=[], value='こんにちは！八王子を訪れてくださりありがとうございます。まずは少しあなたのことを教えていただけますか？\n\n最初の質問です、年齢を教えていただけますか？'), type='text')]
user: [TextContentBlock(text=Text(annotations=[], value='八王子駅にいます'), type='text')]
assistant: [TextContentBlock(text=Text(annotations=[], value='以下の歴史的な観光スポットをおすすめします。\n\n### 八幡八雲神社\n- **住所:** 〒192-0063 東京都八王子市元横山町2丁目15-27\n- **営業時間:** 9:00~17:00\n\n### 子安神社\n- **住所:** 八王子駅近く\n- **電話番号:** 042-642-4262\n\n### 福傳寺\n- **住所:** 〒192-0046 東京都八王子市明神町4丁目10-6\n- **詳細:** [福傳寺公式ホームページ](https://www.fukudenji.org/)\n\n八王子駅からこれらの場所までは徒歩で容易にアクセスできるので、ぜひ訪れてみてください！どの観光地にご興味がありますか？'), type='text')]
assistant: [TextContentBlock(text=Text(annotations=[], value='分かりました。歴史的な観光スポットですね。それでは、八王子駅周辺で徒歩で行ける歴史的な観光スポットを紹介します。\n\n検討させてください。少々お待ちください。'), type='text')]
user: [TextContentBlock(text=Text(annotations=[], value='歴史的なところに行きたいです'), type='text')]
assistant: [TextContentBlock(text=Text(annotations=[], value='ありがとうございます。これで必要な情報が揃いました。では、八王子駅付近で徒歩で行けるおすすめの観光地を紹介します。\n\nお好みの観光地のタイプ（自然スポット、文化・歴史スポット、食事場所など）があれば教えていただけると助かります。'), type='text')]
user: [TextContentBlock(text=Text(annotations=[], value='徒歩です'), type='text')]
assistant: [TextContentBlock(text=Text(annotations=[], value='なるほど、2000円の予算ですね。次に、移動手段について教えてください。徒歩、自転車、公共交通機関（バスや電車）など、どの移動手段を使われますか？'), type='text')]
user: [TextContentBlock(text=Text(annotations=[], value='2000円くらいです'), type='text')]
assistant: [TextContentBlock(text=Text(annotations=[], value='ありがとうございます！次に、今回の旅行の予算について教えていただけますか？例えば、一日あたりどのくらいの金額を考えていらっしゃいますか？'), type='text')]
user: [TextContentBlock(text=Text(annotations=[], value='あまり行かないです'), type='text')]
assistant: [TextContentBlock(text=Text(annotations=[], value='ありがとうございます！次に、旅行の経験や頻度について教えていただけますか？例えば、旅行にはよく行かれる方ですか？'), type='text')]
user: [TextContentBlock(text=Text(annotations=[], value='22歳です'), type='text')]
assistant: [TextContentBlock(text=Text(annotations=[], value='こんにちは！八王子を訪れてくださりありがとうございます。まずは少しあなたのことを教えていただけますか？\n\n最初の質問です、年齢を教えていただけますか？'), type='text')]
user: [TextContentBlock(text=Text(annotations=[], value='八王子駅にいます'), type='text')]
user: [TextContentBlock(text=Text(annotations=[], value='終了'), type='text')]
assistant: [TextContentBlock(text=Text(annotations=[], value='以下の歴史的な観光スポットをおすすめします。\n\n### 八幡八雲神社\n- **住所:** 〒192-0063 東京都八王子市元横山町2丁目15-27\n- **営業時間:** 9:00~17:00\n\n### 子安神社\n- **住所:** 八王子駅近く\n- **電話番号:** 042-642-4262\n\n### 福傳寺\n- **住所:** 〒192-0046 東京都八王子市明神町4丁目10-6\n- **詳細:** [福傳寺公式ホームページ](https://www.fukudenji.org/)\n\n八王子駅からこれらの場所までは徒歩で容易にアクセスできるので、ぜひ訪れてみてください！どの観光地にご興味がありますか？'), type='text')]
assistant: [TextContentBlock(text=Text(annotations=[], value='分かりました。歴史的な観光スポットですね。それでは、八王子駅周辺で徒歩で行ける歴史的な観光スポットを紹介します。\n\n検討させてください。少々お待ちください。'), type='text')]
user: [TextContentBlock(text=Text(annotations=[], value='歴史的なところに行きたいです'), type='text')]
assistant: [TextContentBlock(text=Text(annotations=[], value='ありがとうございます。これで必要な情報が揃いました。では、八王子駅付近で徒歩で行けるおすすめの観光地を紹介します。\n\nお好みの観光地のタイプ（自然スポット、文化・歴史スポット、食事場所など）があれば教えていただけると助かります。'), type='text')]
user: [TextContentBlock(text=Text(annotations=[], value='徒歩です'), type='text')]
assistant: [TextContentBlock(text=Text(annotations=[], value='なるほど、2000円の予算ですね。次に、移動手段について教えてください。徒歩、自転車、公共交通機関（バスや電車）など、どの移動手段を使われますか？'), type='text')]
user: [TextContentBlock(text=Text(annotations=[], value='2000円くらいです'), type='text')]
assistant: [TextContentBlock(text=Text(annotations=[], value='ありがとうございます！次に、今回の旅行の予算について教えていただけますか？例えば、一日あたりどのくらいの金額を考えていらっしゃいますか？'), type='text')]
user: [TextContentBlock(text=Text(annotations=[], value='あまり行かないです'), type='text')]
assistant: [TextContentBlock(text=Text(annotations=[], value='ありがとうございます！次に、旅行の経験や頻度について教えていただけますか？例えば、旅行にはよく行かれる方ですか？'), type='text')]
user: [TextContentBlock(text=Text(annotations=[], value='22歳です'), type='text')]
assistant: [TextContentBlock(text=Text(annotations=[], value='こんにちは！八王子を訪れてくださりありがとうございます。まずは少しあなたのことを教えていただけますか？\n\n最初の質問です、年齢を教えていただけますか？'), type='text')]
user: [TextContentBlock(text=Text(annotations=[], value='八王子駅にいます'), type='text')]
